mean,var
2.4366918299229665,12.621377492291632
0.296642322119183,0.07946678697124246
0.7410865060602323,0.9261505834498154
25.37792213828745,496.1198468987181
0.5015035031512644,0.03906550427828339
22496.018370647755,3124165071.401768
0.530113564211887,0.02947448679459101
8.7244514311161,2.448807132142708
